{
    "scaled_cell": [
        [
            3.99850388564069,
            0.0,
            0.0
        ],
        [
            0.0,
            3.99850388564069,
            0.0
        ],
        [
            0.0,
            0.0,
            3.463775282816331
        ]
    ],
    "alat": 3.2292838256254512,
    "total_energy": -679.15349004
}